level,story_id,topic_id,page,field,before,after,reason,source,reviewed_at
n5,1,1,16,title,初次见面,初次见面问候,对照原书修正并统一为 N3 字段风格,N5 PDF pages 18-20 (printed pages 16-18),2026-07-11T00:00:00+09:00
n5,1,1,16,originalChinese,"[""A：初次见面，我是安。"",""B：啊，我是健人。初次见面。""]","[""A：初次见面，我是Anne。"",""B：啊，我是Kento。初次见面。""]",对照原书修正并统一为 N3 字段风格,N5 PDF pages 18-20 (printed pages 16-18),2026-07-11T00:00:00+09:00
n5,1,1,16,vocab,"[[""1"",""はじめまして"","""",""固定表达"",""初次见面""]]","[[""1"",""はじめまして"","""",""句"",""初次见面""]]",对照原书修正并统一为 N3 字段风格,N5 PDF pages 18-20 (printed pages 16-18),2026-07-11T00:00:00+09:00
n5,1,1,16,vocabRaw,None,"[""A：はじめまして。アンです。"",""B：あ、けんとです。はじめまして。"",""はじめまして"",""Phr, nice to meet you （meeting for the first time）/初次面 / xin chao （danh cho lan"",""dau gap mat）"",""A： Nice to meet you. Im Anne. B： Oh， Im Kento. Nice to meet you， too. / A：初次面、我"",""是Anne。B：啊，我是Kento。初次面。/A:Xin chao. Minh la An. B： A， to la Kento. Xin""]",对照原书修正并统一为 N3 字段风格,N5 PDF pages 18-20 (printed pages 16-18),2026-07-11T00:00:00+09:00
n5,1,1,16,ocrText,None,"A：はじめまして。アンです。
B：あ、けんとです。はじめまして。
はじめまして
Phr, nice to meet you （meeting for the first time）/初次面 / xin chao （danh cho lan
dau gap mat）
A： Nice to meet you. Im Anne. B： Oh， Im Kento. Nice to meet you， too. / A：初次面、我
是Anne。B：啊，我是Kento。初次面。/A:Xin chao. Minh la An. B： A， to la Kento. Xin",对照原书修正并统一为 N3 字段风格,N5 PDF pages 18-20 (printed pages 16-18),2026-07-11T00:00:00+09:00
n5,2,1,16,title,请多关照,互相请多关照,对照原书修正并统一为 N3 字段风格,N5 PDF pages 18-20 (printed pages 16-18),2026-07-11T00:00:00+09:00
n5,2,1,16,vocab,"[[""2"",""よろしくおねがいします"","""",""固定表达"",""请多关照""],[""3"",""こちらこそ"","""",""副词"",""彼此彼此；我才要……""]]","[[""2"",""よろしくおねがいします"","""",""句"",""请多关照""],[""3"",""こちらこそ"","""",""句"",""我才要请你多关照""]]",对照原书修正并统一为 N3 字段风格,N5 PDF pages 18-20 (printed pages 16-18),2026-07-11T00:00:00+09:00
n5,2,1,16,vocabRaw,None,"[""192"",""A：よろしくおねがいします。"",""B：こちらこそ、どうぞよろしくおねがいします。"",""よろしくおねがいします"",""glad to meet you / 清多照/Rat vui duioc gap ban"",""Phr."",""こちらこそ"",""Phr."",""same here / 哪里哪里（我オ～）/Toi， Minh cing vay"",""A： Glad to meet youl. B： Oh， same here. Glad to meet you. / A： 清多照。B：哪里哪里、清"",""多照。/A： Rat vui dugc gap ban. B： To ciing vay. Rat vui duigc gap ban.""]",对照原书修正并统一为 N3 字段风格,N5 PDF pages 18-20 (printed pages 16-18),2026-07-11T00:00:00+09:00
n5,2,1,16,ocrText,None,"192
A：よろしくおねがいします。
B：こちらこそ、どうぞよろしくおねがいします。
よろしくおねがいします
glad to meet you / 清多照/Rat vui duioc gap ban
Phr.
こちらこそ
Phr.
same here / 哪里哪里（我オ～）/Toi， Minh cing vay
A： Glad to meet youl. B： Oh， same here. Glad to meet you. / A： 清多照。B：哪里哪里、清
多照。/A： Rat vui dugc gap ban. B： To ciing vay. Rat vui duigc gap ban.",对照原书修正并统一为 N3 字段风格,N5 PDF pages 18-20 (printed pages 16-18),2026-07-11T00:00:00+09:00
n5,3,1,16,title,早上好,早晨见面问候,对照原书修正并统一为 N3 字段风格,N5 PDF pages 18-20 (printed pages 16-18),2026-07-11T00:00:00+09:00
n5,3,1,16,naturalChinese,"[""A：早上好。"",""B：安，早上好。""]","[""A：早上好。"",""B：安小姐，早上好。""]",对照原书修正并统一为 N3 字段风格,N5 PDF pages 18-20 (printed pages 16-18),2026-07-11T00:00:00+09:00
n5,3,1,16,originalChinese,"[""A：早上好。"",""B：安小姐，早上好。""]","[""A：早上好。"",""B：Anne小姐，早上好。""]",对照原书修正并统一为 N3 字段风格,N5 PDF pages 18-20 (printed pages 16-18),2026-07-11T00:00:00+09:00
n5,3,1,16,vocab,"[[""4"",""おはようございます"","""",""固定表达"",""早上好""],[""5"",""～さん"","""",""接尾词"",""对他人的礼貌称呼""]]","[[""4"",""おはようございます"","""",""感"",""早上好""],[""5"",""～さん"","""",""接尾"",""礼貌称呼""]]",对照原书修正并统一为 N3 字段风格,N5 PDF pages 18-20 (printed pages 16-18),2026-07-11T00:00:00+09:00
n5,3,1,16,vocabRaw,None,"[""4） 3"",""A： おはようございます。"",""B：アンさん。おはようございます。"",""おはようございます"",""4"",""Intio"",""good morning / 早上好 / Xin chao, Chao （budi sang）"",""～さん"",""5"",""Suf."",""~san （honorific title）/〜小姐、先生/anh， chi， ban,co， chi， bac， Ong,ba~"",""16""]",对照原书修正并统一为 N3 字段风格,N5 PDF pages 18-20 (printed pages 16-18),2026-07-11T00:00:00+09:00
n5,3,1,16,ocrText,None,"4） 3
A： おはようございます。
B：アンさん。おはようございます。
おはようございます
4
Intio
good morning / 早上好 / Xin chao, Chao （budi sang）
～さん
5
Suf.
~san （honorific title）/〜小姐、先生/anh， chi， ban,co， chi， bac， Ong,ba~
16",对照原书修正并统一为 N3 字段风格,N5 PDF pages 18-20 (printed pages 16-18),2026-07-11T00:00:00+09:00
n5,4,1,17,title,白天问候,白天见面问候,对照原书修正并统一为 N3 字段风格,N5 PDF pages 18-20 (printed pages 16-18),2026-07-11T00:00:00+09:00
n5,4,1,17,vocab,"[[""6"",""こんにちは"","""",""固定表达"",""你好；午安""]]","[[""6"",""こんにちは"","""",""感"",""你好""]]",对照原书修正并统一为 N3 字段风格,N5 PDF pages 18-20 (printed pages 16-18),2026-07-11T00:00:00+09:00
n5,4,1,17,vocabRaw,None,"[""4）4"",""A：こんにちは。"",""B：こんにちは。"",""こんにちは"",""6"",""hello / 午安（在白天河候吋也可以用好）/Xin chao， chao （buoitruia）"",""A： Hello. B： Hello. / A： 好。B：你好。/A:Chao ban. B： Chao ban.""]",对照原书修正并统一为 N3 字段风格,N5 PDF pages 18-20 (printed pages 16-18),2026-07-11T00:00:00+09:00
n5,4,1,17,ocrText,None,"4）4
A：こんにちは。
B：こんにちは。
こんにちは
6
hello / 午安（在白天河候吋也可以用好）/Xin chao， chao （buoitruia）
A： Hello. B： Hello. / A： 好。B：你好。/A:Chao ban. B： Chao ban.",对照原书修正并统一为 N3 字段风格,N5 PDF pages 18-20 (printed pages 16-18),2026-07-11T00:00:00+09:00
n5,5,1,17,title,晚上好,晚上见面问候,对照原书修正并统一为 N3 字段风格,N5 PDF pages 18-20 (printed pages 16-18),2026-07-11T00:00:00+09:00
n5,5,1,17,vocab,"[[""7"",""こんばんは"","""",""固定表达"",""晚上好""]]","[[""7"",""こんばんは"","""",""感"",""晚上好""]]",对照原书修正并统一为 N3 字段风格,N5 PDF pages 18-20 (printed pages 16-18),2026-07-11T00:00:00+09:00
n5,5,1,17,vocabRaw,None,"[""A：こんばんは。"",""B：こんばんは。"",""こんばんは"",""good evening / 晚上好/ Xin chao, chao （buoitoi）"",""A： Good evening. B： Good evening/A： 晩上好。B：晩上好。/A： Em chao co. B： Chao em.""]",对照原书修正并统一为 N3 字段风格,N5 PDF pages 18-20 (printed pages 16-18),2026-07-11T00:00:00+09:00
n5,5,1,17,ocrText,None,"A：こんばんは。
B：こんばんは。
こんばんは
good evening / 晚上好/ Xin chao, chao （buoitoi）
A： Good evening. B： Good evening/A： 晩上好。B：晩上好。/A： Em chao co. B： Chao em.",对照原书修正并统一为 N3 字段风格,N5 PDF pages 18-20 (printed pages 16-18),2026-07-11T00:00:00+09:00
n5,6,1,17,title,明天见,约好明天再见,对照原书修正并统一为 N3 字段风格,N5 PDF pages 18-20 (printed pages 16-18),2026-07-11T00:00:00+09:00
n5,6,1,17,japanese,"[{""speaker"":""A"",""text"":""じゃ、また。""},{""speaker"":""B"",""text"":""またあした。""}]","[{""speaker"":""A"",""text"":""じゃ、また。""},{""speaker"":""B"",""text"":""また明日。""}]",对照原书修正并统一为 N3 字段风格,N5 PDF pages 18-20 (printed pages 16-18),2026-07-11T00:00:00+09:00
n5,6,1,17,focus,"[""じゃ、また"",""またあした""]","[""じゃ、また"",""また明日""]",对照原书修正并统一为 N3 字段风格,N5 PDF pages 18-20 (printed pages 16-18),2026-07-11T00:00:00+09:00
n5,6,1,17,naturalChinese,"[""A：那回头见。"",""B：明天见。""]","[""A：那，再见。"",""B：明天见。""]",对照原书修正并统一为 N3 字段风格,N5 PDF pages 18-20 (printed pages 16-18),2026-07-11T00:00:00+09:00
n5,6,1,17,originalChinese,"[""A：那，再见。"",""B：明天见。""]","[""A：那再见了。"",""B：明天见。""]",对照原书修正并统一为 N3 字段风格,N5 PDF pages 18-20 (printed pages 16-18),2026-07-11T00:00:00+09:00
n5,6,1,17,vocab,"[[""8"",""じゃ、また"","""",""固定表达"",""回头见；再见""],[""9"",""またあした"","""",""固定表达"",""明天见""]]","[[""8"",""じゃ、また"","""",""句"",""再见""],[""9"",""また明日"",""またあした"",""句"",""明天见""]]",对照原书修正并统一为 N3 字段风格,N5 PDF pages 18-20 (printed pages 16-18),2026-07-11T00:00:00+09:00
n5,6,1,17,vocabRaw,None,"[""ッ"",""6"",""A： じや、また。"",""B：また明日。"",""あした"",""じゃ、また"",""8"",""Phr. see you/那，再ア / Vay hen gap lai"",""またあしたまた明日"",""Phr, see you tomorrow / 明天児/ Gap lai vao ngay mai nhe"",""A： See you. B： See you tomorrow. / A： 那再了。B：明天。/A： Vay hen gip lai B： Gap"",""lai vao ngay mai nhe."",""17""]",对照原书修正并统一为 N3 字段风格,N5 PDF pages 18-20 (printed pages 16-18),2026-07-11T00:00:00+09:00
n5,6,1,17,ocrText,None,"ッ
6
A： じや、また。
B：また明日。
あした
じゃ、また
8
Phr. see you/那，再ア / Vay hen gap lai
またあしたまた明日
Phr, see you tomorrow / 明天児/ Gap lai vao ngay mai nhe
A： See you. B： See you tomorrow. / A： 那再了。B：明天。/A： Vay hen gip lai B： Gap
lai vao ngay mai nhe.
17",对照原书修正并统一为 N3 字段风格,N5 PDF pages 18-20 (printed pages 16-18),2026-07-11T00:00:00+09:00
n5,7,1,18,title,晚安,道别时说晚安,对照原书修正并统一为 N3 字段风格,N5 PDF pages 18-20 (printed pages 16-18),2026-07-11T00:00:00+09:00
n5,7,1,18,naturalChinese,"[""A：那回头见。"",""B：好的，晚安。""]","[""A：那，再见。"",""B：好的，晚安。""]",对照原书修正并统一为 N3 字段风格,N5 PDF pages 18-20 (printed pages 16-18),2026-07-11T00:00:00+09:00
n5,7,1,18,originalChinese,"[""A：那，再见。"",""B：好的，晚安。""]","[""A：那，再见了。"",""B：好的。晚安。""]",对照原书修正并统一为 N3 字段风格,N5 PDF pages 18-20 (printed pages 16-18),2026-07-11T00:00:00+09:00
n5,7,1,18,vocab,"[[""10"",""はい"","""",""感叹词"",""是；好的""],[""11"",""おやすみなさい"","""",""固定表达"",""晚安""]]","[[""10"",""はい"","""",""感"",""好的""],[""11"",""おやすみなさい"","""",""句"",""晚安""]]",对照原书修正并统一为 N3 字段风格,N5 PDF pages 18-20 (printed pages 16-18),2026-07-11T00:00:00+09:00
n5,7,1,18,vocabRaw,None,"[""497"",""A：じゃ、また。"",""B：はい。おやすみなさい。"",""はい"",""10"",""Intj"",""yeah, yes/ 好的/vang, da, ii"",""おやすみなさい"",""good night /晩安 / Chiic ngi ngon"",""Phr."",""A： See you. B： Yeah. Good night. / A： 那，再了。B：好的。晩安。/A： Hen gip lai. B： U，"",""ngi ngon nhe.""]",对照原书修正并统一为 N3 字段风格,N5 PDF pages 18-20 (printed pages 16-18),2026-07-11T00:00:00+09:00
n5,7,1,18,ocrText,None,"497
A：じゃ、また。
B：はい。おやすみなさい。
はい
10
Intj
yeah, yes/ 好的/vang, da, ii
おやすみなさい
good night /晩安 / Chiic ngi ngon
Phr.
A： See you. B： Yeah. Good night. / A： 那，再了。B：好的。晩安。/A： Hen gip lai. B： U，
ngi ngon nhe.",对照原书修正并统一为 N3 字段风格,N5 PDF pages 18-20 (printed pages 16-18),2026-07-11T00:00:00+09:00
n5,8,1,18,title,告辞,离开时告辞,对照原书修正并统一为 N3 字段风格,N5 PDF pages 18-20 (printed pages 16-18),2026-07-11T00:00:00+09:00
n5,8,1,18,vocab,"[[""12"",""しつれいします"","""",""固定表达"",""告辞；先走一步""],[""13"",""さようなら"","""",""固定表达"",""再见""]]","[[""12"",""しつれいします①"","""",""句"",""告辞""],[""13"",""さようなら"","""",""感"",""再见""]]",对照原书修正并统一为 N3 字段风格,N5 PDF pages 18-20 (printed pages 16-18),2026-07-11T00:00:00+09:00
n5,8,1,18,vocabRaw,None,"[""④））8"",""A：しつれいします。"",""B：さようなら。"",""しつれいします↓"",""12"",""Phr."",""T'm heading home/ 告辞了/Toixin phep （lam viec gido truidc ai）"",""さようなら"",""13"",""Intij. goodbye/再/ Tam biet"",""A:I'm heading home. B： Goodbye. / A： 告了。B：再。/A： Minh ve truidc nhe. B： Tam"",""biet."",""18""]",对照原书修正并统一为 N3 字段风格,N5 PDF pages 18-20 (printed pages 16-18),2026-07-11T00:00:00+09:00
n5,8,1,18,ocrText,None,"④））8
A：しつれいします。
B：さようなら。
しつれいします↓
12
Phr.
T'm heading home/ 告辞了/Toixin phep （lam viec gido truidc ai）
さようなら
13
Intij. goodbye/再/ Tam biet
A:I'm heading home. B： Goodbye. / A： 告了。B：再。/A： Minh ve truidc nhe. B： Tam
biet.
18",对照原书修正并统一为 N3 字段风格,N5 PDF pages 18-20 (printed pages 16-18),2026-07-11T00:00:00+09:00
n5,9,2,20,title,どうぞ。,让座时请对方先坐,对照原书修正并统一为已确认字段风格,N5 PDF pages 22-24 (printed pages 20-22),2026-07-12T00:00:00+09:00
n5,9,2,20,focus,[],"[""どうぞ"",""すみません""]",对照原书修正并统一为已确认字段风格,N5 PDF pages 22-24 (printed pages 20-22),2026-07-12T00:00:00+09:00
n5,9,2,20,naturalChinese,"[""A： 清。B：、不好意思""]","[""A：您请。"",""B：啊，谢谢。""]",对照原书修正并统一为已确认字段风格,N5 PDF pages 22-24 (printed pages 20-22),2026-07-12T00:00:00+09:00
n5,9,2,20,originalChinese,"[""A： 清。B：、不好意思""]","[""A：请。"",""B：啊，不好意思。""]",对照原书修正并统一为已确认字段风格,N5 PDF pages 22-24 (printed pages 20-22),2026-07-12T00:00:00+09:00
n5,9,2,20,vocab,"[[""14"",""すみません①"","""",""Adv"",""清""]]","[[""14"",""どうぞ①"","""",""副"",""请""],[""15"",""すみません①"","""",""句"",""不好意思""]]",对照原书修正并统一为已确认字段风格,N5 PDF pages 22-24 (printed pages 20-22),2026-07-12T00:00:00+09:00
n5,9,2,20,reviewStatus,OCR已整理,已校对,对照原书修正并统一为已确认字段风格,N5 PDF pages 22-24 (printed pages 20-22),2026-07-12T00:00:00+09:00
n5,10,2,20,title,あっ、すみません！,碰到别人时道歉,对照原书修正并统一为已确认字段风格,N5 PDF pages 22-24 (printed pages 20-22),2026-07-12T00:00:00+09:00
n5,10,2,20,japanese,"[{""speaker"":""A"",""text"":""あっ、すみません！""},{""text"":""：いいえ。""},{""speaker"":""B"",""text"":""没事。""}]","[{""speaker"":""A"",""text"":""あっ、すみません！""},{""speaker"":""B"",""text"":""いいえ。""}]",对照原书修正并统一为已确认字段风格,N5 PDF pages 22-24 (printed pages 20-22),2026-07-12T00:00:00+09:00
n5,10,2,20,focus,[],"[""すみません"",""いいえ""]",对照原书修正并统一为已确认字段风格,N5 PDF pages 22-24 (printed pages 20-22),2026-07-12T00:00:00+09:00
n5,10,2,20,naturalChinese,"[""A： 胸，不好意思""]","[""A：啊，对不起！"",""B：没事。""]",对照原书修正并统一为已确认字段风格,N5 PDF pages 22-24 (printed pages 20-22),2026-07-12T00:00:00+09:00
n5,10,2,20,originalChinese,"[""A： 胸，不好意思""]","[""A：啊，不好意思。"",""B：没事。""]",对照原书修正并统一为已确认字段风格,N5 PDF pages 22-24 (printed pages 20-22),2026-07-12T00:00:00+09:00
n5,10,2,20,vocab,[],"[[""16"",""いいえ"","""",""感"",""没事""]]",对照原书修正并统一为已确认字段风格,N5 PDF pages 22-24 (printed pages 20-22),2026-07-12T00:00:00+09:00
n5,10,2,20,reviewStatus,OCR已整理,已校对,对照原书修正并统一为已确认字段风格,N5 PDF pages 22-24 (printed pages 20-22),2026-07-12T00:00:00+09:00
n5,11,2,20,title,ありがとうございます。,感谢与回应,对照原书修正并统一为已确认字段风格,N5 PDF pages 22-24 (printed pages 20-22),2026-07-12T00:00:00+09:00
n5,11,2,20,japanese,"[{""speaker"":""A"",""text"":""ありがとうございます。""},{""speaker"":""B"",""text"":""いいえ。どういたしまして。""},{""text"":""ありがとうございます""}]","[{""speaker"":""A"",""text"":""ありがとうございます。""},{""speaker"":""B"",""text"":""いいえ。どういたしまして。""}]",对照原书修正并统一为已确认字段风格,N5 PDF pages 22-24 (printed pages 20-22),2026-07-12T00:00:00+09:00
n5,11,2,20,focus,[],"[""ありがとうございます"",""どういたしまして""]",对照原书修正并统一为已确认字段风格,N5 PDF pages 22-24 (printed pages 20-22),2026-07-12T00:00:00+09:00
n5,11,2,20,naturalChinese,[],"[""A：谢谢。"",""B：不用谢，不客气。""]",对照原书修正并统一为已确认字段风格,N5 PDF pages 22-24 (printed pages 20-22),2026-07-12T00:00:00+09:00
n5,11,2,20,originalChinese,[],"[""A：谢谢。"",""B：不客气。""]",对照原书修正并统一为已确认字段风格,N5 PDF pages 22-24 (printed pages 20-22),2026-07-12T00:00:00+09:00
n5,11,2,20,vocab,[],"[[""17"",""ありがとうございます"","""",""句"",""谢谢""],[""18"",""どういたしまして"","""",""句"",""不客气""]]",对照原书修正并统一为已确认字段风格,N5 PDF pages 22-24 (printed pages 20-22),2026-07-12T00:00:00+09:00
n5,11,2,20,reviewStatus,OCR已整理,已校对,对照原书修正并统一为已确认字段风格,N5 PDF pages 22-24 (printed pages 20-22),2026-07-12T00:00:00+09:00
n5,12,2,21,title,どうぞ。,递东西时致谢,对照原书修正并统一为已确认字段风格,N5 PDF pages 22-24 (printed pages 20-22),2026-07-12T00:00:00+09:00
n5,12,2,21,focus,[],"[""どうぞ"",""どうも""]",对照原书修正并统一为已确认字段风格,N5 PDF pages 22-24 (printed pages 20-22),2026-07-12T00:00:00+09:00
n5,12,2,21,naturalChinese,"[""A： 清。B""]","[""A：给你。"",""B：谢谢。""]",对照原书修正并统一为已确认字段风格,N5 PDF pages 22-24 (printed pages 20-22),2026-07-12T00:00:00+09:00
n5,12,2,21,originalChinese,"[""A： 清。B""]","[""A：请。"",""B：谢谢。""]",对照原书修正并统一为已确认字段风格,N5 PDF pages 22-24 (printed pages 20-22),2026-07-12T00:00:00+09:00
n5,12,2,21,vocab,[],"[[""19"",""どうも"","""",""副"",""谢谢""]]",对照原书修正并统一为已确认字段风格,N5 PDF pages 22-24 (printed pages 20-22),2026-07-12T00:00:00+09:00
n5,12,2,21,reviewStatus,OCR已整理,已校对,对照原书修正并统一为已确认字段风格,N5 PDF pages 22-24 (printed pages 20-22),2026-07-12T00:00:00+09:00
n5,13,2,21,title,ごめんなさい。,打翻东西时道歉,对照原书修正并统一为已确认字段风格,N5 PDF pages 22-24 (printed pages 20-22),2026-07-12T00:00:00+09:00
n5,13,2,21,focus,[],"[""ごめんなさい"",""いえ""]",对照原书修正并统一为已确认字段风格,N5 PDF pages 22-24 (printed pages 20-22),2026-07-12T00:00:00+09:00
n5,13,2,21,naturalChinese,"[""A：対不起。B：啊、不会""]","[""A：对不起。"",""B：啊，没事。""]",对照原书修正并统一为已确认字段风格,N5 PDF pages 22-24 (printed pages 20-22),2026-07-12T00:00:00+09:00
n5,13,2,21,originalChinese,"[""A：対不起。B：啊、不会""]","[""A：对不起。"",""B：啊，不会。""]",对照原书修正并统一为已确认字段风格,N5 PDF pages 22-24 (printed pages 20-22),2026-07-12T00:00:00+09:00
n5,13,2,21,vocab,"[[""20"",""いえ①"","""","""",""対不起""]]","[[""20"",""ごめんなさい"","""",""句"",""对不起""],[""21"",""いえ①"","""",""感"",""没事""]]",对照原书修正并统一为已确认字段风格,N5 PDF pages 22-24 (printed pages 20-22),2026-07-12T00:00:00+09:00
n5,13,2,21,reviewStatus,OCR已整理,已校对,对照原书修正并统一为已确认字段风格,N5 PDF pages 22-24 (printed pages 20-22),2026-07-12T00:00:00+09:00
n5,14,2,22,title,しつれいします。,进门时打招呼,对照原书修正并统一为已确认字段风格,N5 PDF pages 22-24 (printed pages 20-22),2026-07-12T00:00:00+09:00
n5,14,2,22,japanese,"[{""speaker"":""A"",""text"":""しつれいします。""},{""speaker"":""B"",""text"":""どうぞ。""},{""text"":""しつれいします②""}]","[{""speaker"":""A"",""text"":""しつれいします。""},{""speaker"":""B"",""text"":""どうぞ。""}]",对照原书修正并统一为已确认字段风格,N5 PDF pages 22-24 (printed pages 20-22),2026-07-12T00:00:00+09:00
n5,14,2,22,focus,[],"[""しつれいします"",""どうぞ""]",对照原书修正并统一为已确认字段风格,N5 PDF pages 22-24 (printed pages 20-22),2026-07-12T00:00:00+09:00
n5,14,2,22,naturalChinese,"[""A： 打抗了。B：清""]","[""A：打扰了。"",""B：请进。""]",对照原书修正并统一为已确认字段风格,N5 PDF pages 22-24 (printed pages 20-22),2026-07-12T00:00:00+09:00
n5,14,2,22,originalChinese,"[""A： 打抗了。B：清""]","[""A：打扰了。"",""B：请进。""]",对照原书修正并统一为已确认字段风格,N5 PDF pages 22-24 (printed pages 20-22),2026-07-12T00:00:00+09:00
n5,14,2,22,vocab,"[[""22"",""どうぞ②"","""","""",""打抗了""]]","[[""22"",""しつれいします②"","""",""句"",""打扰了""],[""23"",""どうぞ②"","""",""副"",""请进""]]",对照原书修正并统一为已确认字段风格,N5 PDF pages 22-24 (printed pages 20-22),2026-07-12T00:00:00+09:00
n5,14,2,22,reviewStatus,OCR已整理,已校对,对照原书修正并统一为已确认字段风格,N5 PDF pages 22-24 (printed pages 20-22),2026-07-12T00:00:00+09:00
n5,15,2,22,title,もしもし。,接电话时问候,对照原书修正并统一为已确认字段风格,N5 PDF pages 22-24 (printed pages 20-22),2026-07-12T00:00:00+09:00
n5,15,2,22,focus,[],"[""もしもし""]",对照原书修正并统一为已确认字段风格,N5 PDF pages 22-24 (printed pages 20-22),2026-07-12T00:00:00+09:00
n5,15,2,22,naturalChinese,"[""A：喂～。B：啊、Anne小姐""]","[""A：喂？"",""B：啊，是安小姐。""]",对照原书修正并统一为已确认字段风格,N5 PDF pages 22-24 (printed pages 20-22),2026-07-12T00:00:00+09:00
n5,15,2,22,originalChinese,"[""A：喂～。B：啊、Anne小姐""]","[""A：喂～。"",""B：啊，Anne小姐。""]",对照原书修正并统一为已确认字段风格,N5 PDF pages 22-24 (printed pages 20-22),2026-07-12T00:00:00+09:00
n5,15,2,22,vocab,[],"[[""24"",""もしもし"","""",""感"",""喂""]]",对照原书修正并统一为已确认字段风格,N5 PDF pages 22-24 (printed pages 20-22),2026-07-12T00:00:00+09:00
n5,15,2,22,reviewStatus,OCR已整理,已校对,对照原书修正并统一为已确认字段风格,N5 PDF pages 22-24 (printed pages 20-22),2026-07-12T00:00:00+09:00
n5,16,2,22,title,おひさしぶりです。,久别后的电话问候,对照原书修正并统一为已确认字段风格,N5 PDF pages 22-24 (printed pages 20-22),2026-07-12T00:00:00+09:00
n5,16,2,22,japanese,"[{""speaker"":""A"",""text"":""おひさしぶりです。""},{""speaker"":""B"",""text"":""あ、アンさん。おげんきですか。""},{""text"":""おひさしぶりです""}]","[{""speaker"":""A"",""text"":""おひさしぶりです。""},{""speaker"":""B"",""text"":""あ、アンさん。おげんきですか。""}]",对照原书修正并统一为已确认字段风格,N5 PDF pages 22-24 (printed pages 20-22),2026-07-12T00:00:00+09:00
n5,16,2,22,focus,[],"[""おひさしぶりです"",""おげんきですか""]",对照原书修正并统一为已确认字段风格,N5 PDF pages 22-24 (printed pages 20-22),2026-07-12T00:00:00+09:00
n5,16,2,22,naturalChinese,"[""A：好久不。B：，Anne小姐、你辻得""]","[""A：好久不见。"",""B：啊，安小姐。你最近好吗？""]",对照原书修正并统一为已确认字段风格,N5 PDF pages 22-24 (printed pages 20-22),2026-07-12T00:00:00+09:00
n5,16,2,22,originalChinese,"[""A：好久不。B：，Anne小姐、你辻得""]","[""A：好久不见。"",""B：啊，Anne小姐，你过得好吗？""]",对照原书修正并统一为已确认字段风格,N5 PDF pages 22-24 (printed pages 20-22),2026-07-12T00:00:00+09:00
n5,16,2,22,vocab,"[[""25"",""（お）げんきですか"","""",""Phr"",""好久不児""]]","[[""25"",""おひさしぶりです"","""",""句"",""好久不见""],[""26"",""（お）げんきですか"","""",""句"",""你过得好吗""]]",对照原书修正并统一为已确认字段风格,N5 PDF pages 22-24 (printed pages 20-22),2026-07-12T00:00:00+09:00
n5,16,2,22,reviewStatus,OCR已整理,已校对,对照原书修正并统一为已确认字段风格,N5 PDF pages 22-24 (printed pages 20-22),2026-07-12T00:00:00+09:00
n5,17,3,24,title,いらっしゃいませ。,进店时受到欢迎,对照原书修正并统一为已确认字段风格,N5 PDF pages 26-28 (printed pages 24-26),2026-07-12T00:40:00+09:00
n5,17,3,24,japanese,"[{""speaker"":""A"",""text"":""いらっしゃいませ。""},{""speaker"":""B"",""text"":""どうも。""},{""text"":""いらっしゃいませ""}]","[{""speaker"":""A"",""text"":""いらっしゃいませ。""},{""speaker"":""B"",""text"":""どうも。""}]",对照原书修正并统一为已确认字段风格,N5 PDF pages 26-28 (printed pages 24-26),2026-07-12T00:40:00+09:00
n5,17,3,24,focus,[],"[""いらっしゃいませ""]",对照原书修正并统一为已确认字段风格,N5 PDF pages 26-28 (printed pages 24-26),2026-07-12T00:40:00+09:00
n5,17,3,24,naturalChinese,"[""A：次迎光。B：你好""]","[""A：欢迎光临。"",""B：你好。""]",对照原书修正并统一为已确认字段风格,N5 PDF pages 26-28 (printed pages 24-26),2026-07-12T00:40:00+09:00
n5,17,3,24,originalChinese,"[""A：次迎光。B：你好""]","[""A：欢迎光临。"",""B：你好。""]",对照原书修正并统一为已确认字段风格,N5 PDF pages 26-28 (printed pages 24-26),2026-07-12T00:40:00+09:00
n5,17,3,24,vocab,[],"[[""27"",""いらっしゃいませ"","""",""句"",""欢迎光临""]]",对照原书修正并统一为已确认字段风格,N5 PDF pages 26-28 (printed pages 24-26),2026-07-12T00:40:00+09:00
n5,17,3,24,reviewStatus,OCR已整理,已校对,对照原书修正并统一为已确认字段风格,N5 PDF pages 26-28 (printed pages 24-26),2026-07-12T00:40:00+09:00
n5,18,3,24,title,すみません。,招呼咖啡店店员,对照原书修正并统一为已确认字段风格,N5 PDF pages 26-28 (printed pages 24-26),2026-07-12T00:40:00+09:00
n5,18,3,24,japanese,"[{""speaker"":""A"",""text"":""すみません。""},{""speaker"":""B"",""text"":""はい。""},{""text"":""すみません②""}]","[{""speaker"":""A"",""text"":""すみません。""},{""speaker"":""B"",""text"":""はい。""}]",对照原书修正并统一为已确认字段风格,N5 PDF pages 26-28 (printed pages 24-26),2026-07-12T00:40:00+09:00
n5,18,3,24,focus,[],"[""すみません""]",对照原书修正并统一为已确认字段风格,N5 PDF pages 26-28 (printed pages 24-26),2026-07-12T00:40:00+09:00
n5,18,3,24,naturalChinese,"[""A：不好意思。B""]","[""A：不好意思。"",""B：好的。""]",对照原书修正并统一为已确认字段风格,N5 PDF pages 26-28 (printed pages 24-26),2026-07-12T00:40:00+09:00
n5,18,3,24,originalChinese,"[""A：不好意思。B""]","[""A：不好意思。"",""B：是。""]",对照原书修正并统一为已确认字段风格,N5 PDF pages 26-28 (printed pages 24-26),2026-07-12T00:40:00+09:00
n5,18,3,24,vocab,[],"[[""28"",""すみません②"","""",""句"",""不好意思""]]",对照原书修正并统一为已确认字段风格,N5 PDF pages 26-28 (printed pages 24-26),2026-07-12T00:40:00+09:00
n5,18,3,24,reviewStatus,OCR已整理,已校对,对照原书修正并统一为已确认字段风格,N5 PDF pages 26-28 (printed pages 24-26),2026-07-12T00:40:00+09:00
n5,19,3,24,title,コーヒニ、ください。,点一杯咖啡,对照原书修正并统一为已确认字段风格,N5 PDF pages 26-28 (printed pages 24-26),2026-07-12T00:40:00+09:00
n5,19,3,24,japanese,"[{""speaker"":""A"",""text"":""コーヒニ、ください。""},{""speaker"":""B"",""text"":""コーヒーですね。""},{""text"":""コーヒー""}]","[{""speaker"":""A"",""text"":""コーヒー、ください。""},{""speaker"":""B"",""text"":""コーヒーですね。""}]",对照原书修正并统一为已确认字段风格,N5 PDF pages 26-28 (printed pages 24-26),2026-07-12T00:40:00+09:00
n5,19,3,24,focus,[],"[""コーヒー"",""ください""]",对照原书修正并统一为已确认字段风格,N5 PDF pages 26-28 (printed pages 24-26),2026-07-12T00:40:00+09:00
n5,19,3,24,naturalChinese,"[""A： 清我咖啡。B：咖啡。好的""]","[""A：请给我一杯咖啡。"",""B：一杯咖啡，对吧。""]",对照原书修正并统一为已确认字段风格,N5 PDF pages 26-28 (printed pages 24-26),2026-07-12T00:40:00+09:00
n5,19,3,24,originalChinese,"[""A： 清我咖啡。B：咖啡。好的""]","[""A：请给我咖啡。"",""B：咖啡。好的。""]",对照原书修正并统一为已确认字段风格,N5 PDF pages 26-28 (printed pages 24-26),2026-07-12T00:40:00+09:00
n5,19,3,24,vocab,"[[""29"",""ください"","""","""",""""]]","[[""29"",""コーヒー"","""",""名"",""咖啡""],[""30"",""ください"","""",""句"",""请给我""]]",对照原书修正并统一为已确认字段风格,N5 PDF pages 26-28 (printed pages 24-26),2026-07-12T00:40:00+09:00
n5,19,3,24,reviewStatus,OCR已整理,已校对,对照原书修正并统一为已确认字段风格,N5 PDF pages 26-28 (printed pages 24-26),2026-07-12T00:40:00+09:00
n5,20,3,24,title,いちごのケーキです。,看到草莓蛋糕,对照原书修正并统一为已确认字段风格,N5 PDF pages 26-28 (printed pages 24-26),2026-07-12T00:40:00+09:00
n5,20,3,24,focus,[],"[""いちご"",""ケーキ"",""わあ""]",对照原书修正并统一为已确认字段风格,N5 PDF pages 26-28 (printed pages 24-26),2026-07-12T00:40:00+09:00
n5,20,3,24,naturalChinese,[],"[""A：这是草莓蛋糕。"",""B：哇！""]",对照原书修正并统一为已确认字段风格,N5 PDF pages 26-28 (printed pages 24-26),2026-07-12T00:40:00+09:00
n5,20,3,24,originalChinese,[],"[""A：这是草莓蛋糕。"",""B：哇～。""]",对照原书修正并统一为已确认字段风格,N5 PDF pages 26-28 (printed pages 24-26),2026-07-12T00:40:00+09:00
n5,20,3,24,vocab,[],"[[""31"",""いちご"","""",""名"",""草莓""],[""32"",""ケーキ"","""",""名"",""蛋糕""],[""33"",""わあ"","""",""感"",""哇""]]",对照原书修正并统一为已确认字段风格,N5 PDF pages 26-28 (printed pages 24-26),2026-07-12T00:40:00+09:00
n5,20,3,24,reviewStatus,OCR已整理,已校对,对照原书修正并统一为已确认字段风格,N5 PDF pages 26-28 (printed pages 24-26),2026-07-12T00:40:00+09:00
n5,21,3,25,title,カレーライスです。どうぞ。,端上咖喱饭,对照原书修正并统一为已确认字段风格,N5 PDF pages 26-28 (printed pages 24-26),2026-07-12T00:40:00+09:00
n5,21,3,25,japanese,"[{""speaker"":""A"",""text"":""カレーライスです。どうぞ。""},{""speaker"":""B"",""text"":""いただきます。""},{""text"":""カレー（ライス）""}]","[{""speaker"":""A"",""text"":""カレーライスです。どうぞ。""},{""speaker"":""B"",""text"":""いただきます。""}]",对照原书修正并统一为已确认字段风格,N5 PDF pages 26-28 (printed pages 24-26),2026-07-12T00:40:00+09:00
n5,21,3,25,focus,[],"[""カレーライス"",""いただきます""]",对照原书修正并统一为已确认字段风格,N5 PDF pages 26-28 (printed pages 24-26),2026-07-12T00:40:00+09:00
n5,21,3,25,naturalChinese,"[""A： 送是咖坂。清慢用。B： 我要了""]","[""A：您的咖喱饭，请慢用。"",""B：我开动了。""]",对照原书修正并统一为已确认字段风格,N5 PDF pages 26-28 (printed pages 24-26),2026-07-12T00:40:00+09:00
n5,21,3,25,originalChinese,"[""A： 送是咖坂。清慢用。B： 我要了""]","[""A：这是咖喱饭。请慢用。"",""B：我要开动了。""]",对照原书修正并统一为已确认字段风格,N5 PDF pages 26-28 (printed pages 24-26),2026-07-12T00:40:00+09:00
n5,21,3,25,vocab,"[[""31"",""ケーキ"","""",""N"",""草莓""],[""32"",""わあ"","""","""",""蛋糕""],[""34"",""いただきます"","""","""",""咖（坂）""]]","[[""34"",""カレー（ライス）"","""",""名"",""咖喱饭""],[""35"",""いただきます"","""",""句"",""我开动了""]]",对照原书修正并统一为已确认字段风格,N5 PDF pages 26-28 (printed pages 24-26),2026-07-12T00:40:00+09:00
n5,21,3,25,reviewStatus,OCR已整理,已校对,对照原书修正并统一为已确认字段风格,N5 PDF pages 26-28 (printed pages 24-26),2026-07-12T00:40:00+09:00
n5,22,3,25,title,あの二、禁をください。,向店员要水,对照原书修正并统一为已确认字段风格,N5 PDF pages 26-28 (printed pages 24-26),2026-07-12T00:40:00+09:00
n5,22,3,25,japanese,"[{""speaker"":""A"",""text"":""あの二、禁をください。""},{""speaker"":""B"",""text"":""はい、どうぞ。""}]","[{""speaker"":""A"",""text"":""あのー、水をください。""},{""speaker"":""B"",""text"":""はい、どうぞ。""}]",对照原书修正并统一为已确认字段风格,N5 PDF pages 26-28 (printed pages 24-26),2026-07-12T00:40:00+09:00
n5,22,3,25,focus,[],"[""あのー"",""水"",""ください""]",对照原书修正并统一为已确认字段风格,N5 PDF pages 26-28 (printed pages 24-26),2026-07-12T00:40:00+09:00
n5,22,3,25,naturalChinese,"[""A： 那↑～清我水。B：好的，清用""]","[""A：那个，请给我水。"",""B：好的，请用。""]",对照原书修正并统一为已确认字段风格,N5 PDF pages 26-28 (printed pages 24-26),2026-07-12T00:40:00+09:00
n5,22,3,25,originalChinese,"[""A： 那↑～清我水。B：好的，清用""]","[""A：那个～请给我水。"",""B：好的，请用。""]",对照原书修正并统一为已确认字段风格,N5 PDF pages 26-28 (printed pages 24-26),2026-07-12T00:40:00+09:00
n5,22,3,25,vocab,"[[""36"",""みず水"","""",""Intj"",""那↑〜""]]","[[""36"",""あのー"","""",""感"",""那个""],[""37"",""水"",""みず"",""名"",""水""]]",对照原书修正并统一为已确认字段风格,N5 PDF pages 26-28 (printed pages 24-26),2026-07-12T00:40:00+09:00
n5,22,3,25,reviewStatus,OCR已整理,已校对,对照原书修正并统一为已确认字段风格,N5 PDF pages 26-28 (printed pages 24-26),2026-07-12T00:40:00+09:00
n5,23,3,26,title,ごちそうさまでした。,用餐后离店致谢,对照原书修正并统一为已确认字段风格,N5 PDF pages 26-28 (printed pages 24-26),2026-07-12T00:40:00+09:00
n5,23,3,26,focus,[],"[""ごちそうさまでした"",""ありがとうございました""]",对照原书修正并统一为已确认字段风格,N5 PDF pages 26-28 (printed pages 24-26),2026-07-12T00:40:00+09:00
n5,23,3,26,naturalChinese,"[""A： 多款待""]","[""A：多谢款待。"",""B：谢谢惠顾。""]",对照原书修正并统一为已确认字段风格,N5 PDF pages 26-28 (printed pages 24-26),2026-07-12T00:40:00+09:00
n5,23,3,26,originalChinese,"[""A： 多款待""]","[""A：多谢款待。"",""B：谢谢。""]",对照原书修正并统一为已确认字段风格,N5 PDF pages 26-28 (printed pages 24-26),2026-07-12T00:40:00+09:00
n5,23,3,26,vocab,"[[""38"",""ありがとうございました"","""",""Phr"",""多款待""]]","[[""38"",""ごちそうさまでした"","""",""句"",""多谢款待""],[""39"",""ありがとうございました"","""",""句"",""谢谢""]]",对照原书修正并统一为已确认字段风格,N5 PDF pages 26-28 (printed pages 24-26),2026-07-12T00:40:00+09:00
n5,23,3,26,reviewStatus,OCR已整理,已校对,对照原书修正并统一为已确认字段风格,N5 PDF pages 26-28 (printed pages 24-26),2026-07-12T00:40:00+09:00
n5,24,4,28,title,词汇记忆 24,记忆数字1到12,对照原书修正并统一为已确认字段风格,N5 PDF pages 30-34 (printed pages 28-32),2026-07-12T01:10:00+09:00
n5,24,4,28,japanese,[],"[{""speaker"":"""",""text"":""1から12までの数字""}]",对照原书修正并统一为已确认字段风格,N5 PDF pages 30-34 (printed pages 28-32),2026-07-12T01:10:00+09:00
n5,24,4,28,focus,[],"[""一"",""二"",""三"",""四"",""五"",""六"",""七"",""八"",""九"",""十"",""十一"",""十二""]",对照原书修正并统一为已确认字段风格,N5 PDF pages 30-34 (printed pages 28-32),2026-07-12T01:10:00+09:00
n5,24,4,28,naturalChinese,[],"[""记住数字1到12。""]",对照原书修正并统一为已确认字段风格,N5 PDF pages 30-34 (printed pages 28-32),2026-07-12T01:10:00+09:00
n5,24,4,28,originalChinese,[],"[""要记住""]",对照原书修正并统一为已确认字段风格,N5 PDF pages 30-34 (printed pages 28-32),2026-07-12T01:10:00+09:00
n5,24,4,28,vocab,"[[""2"",""口"","""","""",""""],[""3"",""さん"","""","""",""""],[""4"",""よん／し"","""","""",""""],[""5"",""六"","""","""",""""],[""6"",""七"","""","""",""""],[""7"",""なな／しち"","""","""",""""],[""8"",""九"","""","""",""""],[""9"",""じゅう"","""","""",""""],[""40"",""いち"","""","""",""""],[""41"",""口"","""","""",""""],[""42"",""さん"","""","""",""""],[""46"",""七"","""","""",""""],[""49"",""じゅう"","""","""",""""],[""50"",""じゅういち"","""","""",""""]]","[[""40"",""一"",""いち"",""名"",""一""],[""41"",""二"",""に"",""名"",""二""],[""42"",""三"",""さん"",""名"",""三""],[""43"",""四"",""よん／し"",""名"",""四""],[""44"",""五"",""ご"",""名"",""五""],[""45"",""六"",""ろく"",""名"",""六""],[""46"",""七"",""なな／しち"",""名"",""七""],[""47"",""八"",""はち"",""名"",""八""],[""48"",""九"",""きゅう／く"",""名"",""九""],[""49"",""十"",""じゅう"",""名"",""十""],[""50"",""十一"",""じゅういち"",""名"",""十一""],[""51"",""十二"",""じゅうに"",""名"",""十二""]]",对照原书修正并统一为已确认字段风格,N5 PDF pages 30-34 (printed pages 28-32),2026-07-12T01:10:00+09:00
n5,24,4,28,reviewStatus,OCR已整理,已校对,对照原书修正并统一为已确认字段风格,N5 PDF pages 30-34 (printed pages 28-32),2026-07-12T01:10:00+09:00
n5,25,4,29,title,词汇记忆 25,记忆整点时间,对照原书修正并统一为已确认字段风格,N5 PDF pages 30-34 (printed pages 28-32),2026-07-12T01:10:00+09:00
n5,25,4,29,japanese,[],"[{""speaker"":"""",""text"":""1時から12時までと何時""}]",对照原书修正并统一为已确认字段风格,N5 PDF pages 30-34 (printed pages 28-32),2026-07-12T01:10:00+09:00
n5,25,4,29,focus,[],"[""～時"",""何時""]",对照原书修正并统一为已确认字段风格,N5 PDF pages 30-34 (printed pages 28-32),2026-07-12T01:10:00+09:00
n5,25,4,29,naturalChinese,[],"[""记住1点到12点以及“几点”的说法。""]",对照原书修正并统一为已确认字段风格,N5 PDF pages 30-34 (printed pages 28-32),2026-07-12T01:10:00+09:00
n5,25,4,29,originalChinese,[],"[""要记住""]",对照原书修正并统一为已确认字段风格,N5 PDF pages 30-34 (printed pages 28-32),2026-07-12T01:10:00+09:00
n5,25,4,29,vocab,"[[""1"",""時"","""","""",""""],[""2"",""時"","""","""",""""],[""5"",""時"","""","""",""""],[""9"",""時"","""","""",""""],[""10"",""時"","""","""",""""],[""52"",""〜時"","""","""",""""],[""54"",""3時"","""","""",""""],[""57"",""5時"","""","""",""""],[""58"",""7時"","""","""",""""],[""62"",""11時"","""","""",""""]]","[[""52"",""～時"",""～じ"",""接尾"",""～点""],[""53"",""1時"",""いちじ"",""名"",""1点""],[""54"",""2時"",""にじ"",""名"",""2点""],[""55"",""3時"",""さんじ"",""名"",""3点""],[""56"",""4時"",""よじ"",""名"",""4点""],[""57"",""5時"",""ごじ"",""名"",""5点""],[""58"",""6時"",""ろくじ"",""名"",""6点""],[""59"",""7時"",""しちじ"",""名"",""7点""],[""60"",""8時"",""はちじ"",""名"",""8点""],[""61"",""9時"",""くじ"",""名"",""9点""],[""62"",""10時"",""じゅうじ"",""名"",""10点""],[""63"",""11時"",""じゅういちじ"",""名"",""11点""],[""64"",""12時"",""じゅうにじ"",""名"",""12点""],[""65"",""何時"",""なんじ"",""名"",""几点""]]",对照原书修正并统一为已确认字段风格,N5 PDF pages 30-34 (printed pages 28-32),2026-07-12T01:10:00+09:00
n5,25,4,29,reviewStatus,OCR已整理,已校对,对照原书修正并统一为已确认字段风格,N5 PDF pages 30-34 (printed pages 28-32),2026-07-12T01:10:00+09:00
n5,26,4,30,title,15分 じゅうごふん,记忆分钟的说法,对照原书修正并统一为已确认字段风格,N5 PDF pages 30-34 (printed pages 28-32),2026-07-12T01:10:00+09:00
n5,26,4,30,japanese,"[{""text"":""15分 じゅうごふん""}]","[{""speaker"":"""",""text"":""5分から55分まで、半、何分""}]",对照原书修正并统一为已确认字段风格,N5 PDF pages 30-34 (printed pages 28-32),2026-07-12T01:10:00+09:00
n5,26,4,30,focus,[],"[""～分"",""～半"",""何分""]",对照原书修正并统一为已确认字段风格,N5 PDF pages 30-34 (printed pages 28-32),2026-07-12T01:10:00+09:00
n5,26,4,30,naturalChinese,[],"[""记住分钟、半点和“几分”的说法。""]",对照原书修正并统一为已确认字段风格,N5 PDF pages 30-34 (printed pages 28-32),2026-07-12T01:10:00+09:00
n5,26,4,30,originalChinese,[],"[""要记住""]",对照原书修正并统一为已确认字段风格,N5 PDF pages 30-34 (printed pages 28-32),2026-07-12T01:10:00+09:00
n5,26,4,30,vocab,"[[""5"",""分ごふん"","""","""",""""],[""10"",""分"","""","""",""""],[""15"",""分 じゅうごふん"","""","""",""""],[""20"",""分"","""","""",""""],[""25"",""分"","""","""",""""],[""30"",""20分"","""","""",""""],[""35"",""分"","""","""",""""],[""40"",""分"","""","""",""""],[""45"",""分"","""","""",""""],[""50"",""分"","""","""",""""],[""55"",""分"","""","""",""""],[""67"",""5分ごふん"","""","""",""""],[""68"",""10分"","""","""",""""]]","[[""66"",""～分"",""～ふん"",""接尾"",""～分""],[""67"",""5分"",""ごふん"",""名"",""5分""],[""68"",""10分"",""じゅっぷん"",""名"",""10分""],[""69"",""15分"",""じゅうごふん"",""名"",""15分""],[""70"",""20分"",""にじゅっぷん"",""名"",""20分""],[""71"",""25分"",""にじゅうごふん"",""名"",""25分""],[""72"",""30分"",""さんじゅっぷん"",""名"",""30分""],[""73"",""～半"",""～はん"",""接尾"",""～点半""],[""74"",""35分"",""さんじゅうごふん"",""名"",""35分""],[""75"",""40分"",""よんじゅっぷん"",""名"",""40分""],[""76"",""45分"",""よんじゅうごふん"",""名"",""45分""],[""77"",""50分"",""ごじゅっぷん"",""名"",""50分""],[""78"",""55分"",""ごじゅうごふん"",""名"",""55分""],[""79"",""何分"",""なんぷん／なんふん"",""名"",""几分""]]",对照原书修正并统一为已确认字段风格,N5 PDF pages 30-34 (printed pages 28-32),2026-07-12T01:10:00+09:00
n5,26,4,30,reviewStatus,OCR已整理,已校对,对照原书修正并统一为已确认字段风格,N5 PDF pages 30-34 (printed pages 28-32),2026-07-12T01:10:00+09:00
n5,27,4,31,title,金気ですか。,询问现在的时间,对照原书修正并统一为已确认字段风格,N5 PDF pages 30-34 (printed pages 28-32),2026-07-12T01:10:00+09:00
n5,27,4,31,japanese,"[{""speaker"":""A"",""text"":""金気ですか。""},{""speaker"":""B"",""text"":""|時""},{""text"":""5です。""}]","[{""speaker"":""A"",""text"":""今、何時ですか。""},{""speaker"":""B"",""text"":""1時5分です。""}]",对照原书修正并统一为已确认字段风格,N5 PDF pages 30-34 (printed pages 28-32),2026-07-12T01:10:00+09:00
n5,27,4,31,focus,[],"[""今"",""何時"",""～時"",""～分""]",对照原书修正并统一为已确认字段风格,N5 PDF pages 30-34 (printed pages 28-32),2026-07-12T01:10:00+09:00
n5,27,4,31,naturalChinese,"[""A： 現在几点？B:1点5分""]","[""A：现在几点？"",""B：1点5分。""]",对照原书修正并统一为已确认字段风格,N5 PDF pages 30-34 (printed pages 28-32),2026-07-12T01:10:00+09:00
n5,27,4,31,originalChinese,"[""A： 現在几点？B:1点5分""]","[""A：现在几点？"",""B：1点5分。""]",对照原书修正并统一为已确认字段风格,N5 PDF pages 30-34 (printed pages 28-32),2026-07-12T01:10:00+09:00
n5,27,4,31,vocab,"[[""5"",""です。"","""","""",""""],[""80"",""なんじ何時"","""","""",""現在""]]","[[""80"",""今"",""いま"",""名"",""现在""]]",对照原书修正并统一为已确认字段风格,N5 PDF pages 30-34 (printed pages 28-32),2026-07-12T01:10:00+09:00
n5,27,4,31,reviewStatus,OCR已整理,已校对,对照原书修正并统一为已确认字段风格,N5 PDF pages 30-34 (printed pages 28-32),2026-07-12T01:10:00+09:00
n5,28,4,31,title,今、何時何分ですか。,询问现在几点几分,对照原书修正并统一为已确认字段风格,N5 PDF pages 30-34 (printed pages 28-32),2026-07-12T01:10:00+09:00
n5,28,4,31,japanese,"[{""speaker"":""A"",""text"":""今、何時何分ですか。""},{""text"":""なんぷん""},{""speaker"":""B"",""text"":""4時半です。""},{""text"":""なんぷん／なんふん何分""}]","[{""speaker"":""A"",""text"":""今、何時何分ですか。""},{""speaker"":""B"",""text"":""4時半です。""}]",对照原书修正并统一为已确认字段风格,N5 PDF pages 30-34 (printed pages 28-32),2026-07-12T01:10:00+09:00
n5,28,4,31,focus,[],"[""何分"",""～半""]",对照原书修正并统一为已确认字段风格,N5 PDF pages 30-34 (printed pages 28-32),2026-07-12T01:10:00+09:00
n5,28,4,31,naturalChinese,"[""A：現在几点八分？B:4""]","[""A：现在几点几分？"",""B：4点半。""]",对照原书修正并统一为已确认字段风格,N5 PDF pages 30-34 (printed pages 28-32),2026-07-12T01:10:00+09:00
n5,28,4,31,originalChinese,"[""A：現在几点八分？B:4""]","[""A：现在几点几分？"",""B：4点半。""]",对照原书修正并统一为已确认字段风格,N5 PDF pages 30-34 (printed pages 28-32),2026-07-12T01:10:00+09:00
n5,28,4,31,reviewStatus,OCR已整理,已校对,对照原书修正并统一为已确认字段风格,N5 PDF pages 30-34 (printed pages 28-32),2026-07-12T01:10:00+09:00
n5,29,4,32,title,アメリカは、金何時ですか。,询问美国现在的时间,对照原书修正并统一为已确认字段风格,N5 PDF pages 30-34 (printed pages 28-32),2026-07-12T01:10:00+09:00
n5,29,4,32,japanese,"[{""speaker"":""A"",""text"":""アメリカは、金何時ですか。""},{""speaker"":""B"",""text"":""生煎""},{""text"":""6時ごろです。""},{""text"":""アメリカ""}]","[{""speaker"":""A"",""text"":""アメリカは、今、何時ですか。""},{""speaker"":""B"",""text"":""午前6時ごろです。""}]",对照原书修正并统一为已确认字段风格,N5 PDF pages 30-34 (printed pages 28-32),2026-07-12T01:10:00+09:00
n5,29,4,32,focus,[],"[""アメリカ"",""午前"",""～ごろ""]",对照原书修正并统一为已确认字段风格,N5 PDF pages 30-34 (printed pages 28-32),2026-07-12T01:10:00+09:00
n5,29,4,32,naturalChinese,"[""A： 現在美国几点？B""]","[""A：美国现在几点？"",""B：上午6点左右。""]",对照原书修正并统一为已确认字段风格,N5 PDF pages 30-34 (printed pages 28-32),2026-07-12T01:10:00+09:00
n5,29,4,32,originalChinese,"[""A： 現在美国几点？B""]","[""A：现在美国几点？"",""B：上午6点左右。""]",对照原书修正并统一为已确认字段风格,N5 PDF pages 30-34 (printed pages 28-32),2026-07-12T01:10:00+09:00
n5,29,4,32,vocab,"[[""6"",""時ごろです。"","""","""",""""],[""81"",""ごぜん 午前"","""","""",""美国""],[""82"",""〜ごろ"","""","""",""上午""]]","[[""81"",""アメリカ"","""",""名"",""美国""],[""82"",""午前"",""ごぜん"",""名"",""上午""],[""83"",""～ごろ"","""",""接尾"",""～左右""]]",对照原书修正并统一为已确认字段风格,N5 PDF pages 30-34 (printed pages 28-32),2026-07-12T01:10:00+09:00
n5,29,4,32,reviewStatus,OCR已整理,已校对,对照原书修正并统一为已确认字段风格,N5 PDF pages 30-34 (printed pages 28-32),2026-07-12T01:10:00+09:00
n5,30,4,32,title,じゅぎょうは、何時からですか。,询问上课时间,对照原书修正并统一为已确认字段风格,N5 PDF pages 30-34 (printed pages 28-32),2026-07-12T01:10:00+09:00
n5,30,4,32,japanese,"[{""speaker"":""A"",""text"":""じゅぎょうは、何時からですか。""},{""speaker"":""B"",""text"":""午後""},{""text"":""10分からです。""},{""text"":""じゅっぷん""},{""text"":""じゅぎょう""}]","[{""speaker"":""A"",""text"":""じゅぎょうは、何時からですか。""},{""speaker"":""B"",""text"":""午後3時10分からです。""}]",对照原书修正并统一为已确认字段风格,N5 PDF pages 30-34 (printed pages 28-32),2026-07-12T01:10:00+09:00
n5,30,4,32,focus,[],"[""じゅぎょう"",""午後""]",对照原书修正并统一为已确认字段风格,N5 PDF pages 30-34 (printed pages 28-32),2026-07-12T01:10:00+09:00
n5,30,4,32,naturalChinese,"[""A：几点上課？B：下午3点10分始""]","[""A：几点开始上课？"",""B：下午3点10分开始。""]",对照原书修正并统一为已确认字段风格,N5 PDF pages 30-34 (printed pages 28-32),2026-07-12T01:10:00+09:00
n5,30,4,32,originalChinese,"[""A：几点上課？B：下午3点10分始""]","[""A：几点上课？"",""B：下午3点10分开始。""]",对照原书修正并统一为已确认字段风格,N5 PDF pages 30-34 (printed pages 28-32),2026-07-12T01:10:00+09:00
n5,30,4,32,vocab,"[[""3"",""時"","""","""",""""],[""10"",""分からです。"","""","""",""""],[""84"",""ごご午後"","""","""",""""]]","[[""84"",""じゅぎょう"","""",""名"",""课""],[""85"",""午後"",""ごご"",""名"",""下午""]]",对照原书修正并统一为已确认字段风格,N5 PDF pages 30-34 (printed pages 28-32),2026-07-12T01:10:00+09:00
n5,30,4,32,reviewStatus,OCR已整理,已校对,对照原书修正并统一为已确认字段风格,N5 PDF pages 30-34 (printed pages 28-32),2026-07-12T01:10:00+09:00
n5,28,4,31,vocab,[],"[[""79"",""何分"",""なんぷん／なんふん"",""名"",""几分""],[""73"",""～半"",""～はん"",""接尾"",""～点半""]]",对照原书修正并统一为已确认字段风格,N5 PDF pages 30-34 (printed pages 28-32),2026-07-12T01:10:00+09:00
